Book Id,Title,Author,Author l-f,Additional Authors,ISBN,ISBN13,My Rating,Average Rating,Publisher,Binding,Number of Pages,Year Published,Original Publication Year,Date Read,Date Added,Bookshelves,Bookshelves with positions,Exclusive Shelf,My Review,Spoiler,Private Notes,Read Count,Recommended For,Recommended By,Owned Copies,Original Purchase Date,Original Purchase Location,Condition,Condition Description,BCID
198154,Has Globalization Gone Too Far?,Dani Rodrik,"Rodrik, Dani",C. Fred Bergsten,"=""0881322415""","=""9780881322415""",4,3.64,Peterson Institute for International Economics,Paperback,128,1997,1997,2019/11/22,2021/04/25,,,read,,,,1,,,0,,,,,
493371,The Bottom Billion: Why the Poorest Countries Are Failing and What Can Be Done About It,Paul Collier,"Collier, Paul",هيثم نشواتي,"=""0195311450""","=""9780195311457""",5,3.87,"Oxford University Press, USA",Hardcover,205,2007,2007,2020/05/12,2021/04/25,,,read,,,,1,,,0,,,,,
10975,The Sound and the Fury,William Faulkner,"Faulkner, William",,"=""""","=""""",3,3.86,Vintage International,Paperback,366,1990,1929,2020/06/04,2021/04/25,,,read,,,,1,,,0,,,,,
4981,Slaughterhouse-Five,Kurt Vonnegut Jr.,"Jr., Kurt Vonnegut",,"=""0385333846""","=""9780385333849""",3,4.08,Dial Press,Paperback,275,1999,1969,2020/05/19,2021/04/25,,,read,,,,1,,,0,,,,,
350,Stranger in a Strange Land,Robert A. Heinlein,"Heinlein, Robert A.",James Warhola,"=""0441788386""","=""9780441788385""",2,3.92,Ace,Paperback,525,1991,1961,2020/04/03,2021/04/25,,,read,,,,1,,,0,,,,,
18114322,The Grapes of Wrath,John Steinbeck,"Steinbeck, John",,"=""067001690X""","=""9780670016907""",3,3.98,Viking,Hardcover,479,2014,1939,2020/04/25,2021/04/25,,,read,,,,1,,,0,,,,,
375802,"Ender's Game (Ender's Saga, #1)",Orson Scott Card,"Card, Orson Scott",,"=""0812550706""","=""9780812550702""",4,4.30,Tor,Mass Market Paperback,324,2004,1985,2020/03/23,2021/04/25,,,read,,,,1,,,0,,,,,
3263607,"The Fellowship of the Ring (The Lord of the Rings, #1)",J.R.R. Tolkien,"Tolkien, J.R.R.",,"=""""","=""9780345015339""",5,4.37,Ballantine Books,Mass Market Paperback,527,1973,1954,2020/03/14,2021/04/25,,,read,,,,1,,,0,,,,,
18007564,The Martian,Andy Weir,"Weir, Andy",,"=""0804139024""","=""9780804139021""",5,4.40,Crown,Hardcover,384,2014,2012,2020/03/06,2021/04/25,,,read,,,,1,,,0,,,,,
20518872,The Three-Body Problem (Remembrance of Earth’s Past #1),Liu Cixin,"Cixin, Liu",Ken Liu,"=""0765377063""","=""9780765377067""",4,4.06,Tor Books,Hardcover,399,2014,2006,2020/11/04,2021/04/25,,,read,,,,1,,,0,,,,,
26022605,Sister Sable (The Mad Queen #1),T. Mountebank,"Mountebank, T.",,"=""""","=""""",2,3.50,Mountebank,Kindle Edition,361,2015,2015,2020/05/13,2021/04/25,,,read,,,,1,,,0,,,,,
4982,The Sirens of Titan,Kurt Vonnegut Jr.,"Jr., Kurt Vonnegut",Chris     Moore,"=""""","=""""",4,4.14,Gollancz,Paperback,224,1999,1959,2020/06/20,2021/04/25,,,read,,,,1,,,0,,,,,
35069870,"Fake Science: Exposing the Left's Skewed Statistics, Fuzzy Facts, and Dodgy Data",Austin Ruse,"Ruse, Austin",Mike Chamberlain,"=""1683669185""","=""9781683669180""",2,3.82,Mission Audio,Audiobook,,2017,,2020/05/07,2021/04/25,,,read,,,,1,,,0,,,,,
7996,"Redwall (Redwall, #1)",Brian Jacques,"Jacques, Brian",,"=""1862301387""","=""9781862301382""",4,4.10,Red Fox,Paperback,352,2006,1986,2020/12/06,2021/04/25,,,read,,,,1,,,0,,,,,
449573,The Theory of Everything: The Origin and Fate of the Universe,Stephen Hawking,"Hawking, Stephen",,"=""0641587716""","=""9780641587719""",3,4.18,New Millennium Entertainment,Hardcover,176,2002,2002,2020/11/10,2021/04/25,,,read,,,,1,,,0,,,,,
369409,The Logic of Collective Action: Public Goods and the Theory of Groups,Mancur Olson,"Olson, Mancur",,"=""0674537513""","=""9780674537514""",4,3.97,Harvard University Press,Paperback,186,1971,1965,2020/04/30,2021/04/25,,,read,,,,1,,,0,,,,,
150437,A Farewell to Alms: A Brief Economic History of the World,Gregory Clark,"Clark, Gregory",,"=""0691121354""","=""9780691121352""",4,3.73,Princeton University Press,Hardcover,420,2007,2007,2020/04/23,2021/04/25,,,read,,,,1,,,0,,,,,
3450744,"Nudge: Improving Decisions About Health, Wealth, and Happiness",Richard H. Thaler,"Thaler, Richard H.",Cass R. Sunstein,"=""014311526X""","=""9780143115267""",3,3.83,Penguin Books,Paperback,260,2009,2008,2020/04/05,2021/04/25,,,read,,,,1,,,0,,,,,
391881,Free Trade Under Fire,Douglas A. Irwin,"Irwin, Douglas A.",,"=""0691122474""","=""9780691122472""",2,3.64,Princeton University Press,Paperback,304,2005,2002,2020/02/13,2021/04/25,,,read,,,,1,,,0,,,,,
11559910,A Cooperative Species: Human Reciprocity and Its Evolution,Samuel Bowles,"Bowles, Samuel",Herbert Gintis,"=""""","=""""",2,3.82,,Kindle Edition,280,,2011,2020/02/09,2021/04/25,,,read,,,,1,,,0,,,,,
13697464,Guardians of Finance: Making Regulators Work for Us,James R. Barth,"Barth, James R.","Gerard Caprio Jr., Ross Levine","=""0262017393""","=""9780262017398""",5,4.18,MIT Press (MA),Hardcover,280,2012,2012,2020/01/16,2021/04/25,,,read,,,,1,,,0,,,,,
10603,Cujo,Stephen King,"King, Stephen",,"=""0307348245""","=""9780307348241""",3,3.74,Debolsillo,Paperback,432,2006,1981,2019/12/26,2021/04/25,,,read,,,,1,,,0,,,,,
11588,The Shining,Stephen King,"King, Stephen",,"=""0450040186""","=""9780450040184""",5,4.24,New English Library (Hodder & Stoughton) ,Paperback,659,1980,1977,2019/11/12,2021/04/25,,,read,,,,1,,,0,,,,,
43615,The Gunslinger,Stephen King,"King, Stephen",,"=""""","=""""",4,3.94,Plume,Paperback,231,2003,1982,2020/06/13,2021/04/25,,,read,,,,1,,,0,,,,,
18736925,Capital in the Twenty-First Century,Thomas Piketty,"Piketty, Thomas",Arthur Goldhammer,"=""067443000X""","=""9780674430006""",4,4.04,Belknap Press,Hardcover,685,2014,2013,2020/10/15,2021/04/25,,,read,,,,1,,,0,,,,,
41589,The Affluent Society,John Kenneth Galbraith,"Galbraith, John Kenneth",,"=""0140285199""","=""9780140285192""",5,4.00,,Paperback,276,1999,1958,2020/10/05,2021/04/25,,,read,,,,1,,,0,,,,,
303615,"The General Theory of Employment, Interest, and Money",John Maynard Keynes,"Keynes, John Maynard",,"=""1573921394""","=""9781573921398""",3,3.84,Prometheus Books,Paperback,403,1997,1935,2020/09/19,2021/04/25,,,read,,,,1,,,0,,,,,
53981,The Great Transformation: The Political and Economic Origins of Our Time,Karl Polanyi,"Polanyi, Karl","Joseph E. Stiglitz, Fred L. Block","=""080705643X""","=""9780807056431""",3,4.20,Beacon Press,Paperback,360,2001,1944,2020/09/09,2021/04/25,,,read,,,,1,,,0,,,,,
7805,Pale Fire,Vladimir Nabokov,"Nabokov, Vladimir",,"=""""","=""""",3,4.10,Penguin Books Ltd,Paperback,246,2000,1962,2021/02/21,2021/04/25,,,read,,,,1,,,0,,,,,
55361205,A Promised Land,Barack Obama,"Obama, Barack",,"=""""","=""""",5,4.41,Crown,Kindle Edition,768,2020,2020,2021/02/10,2021/04/25,,,read,,,,1,,,0,,,,,
21913812,This Changes Everything: Capitalism vs. The Climate,Naomi Klein,"Klein, Naomi",,"=""1451697384""","=""9781451697384""",4,4.14,Simon  Schuster,Hardcover,576,2014,2014,2021/03/24,2021/04/25,,,read,,,,1,,,0,,,,,
54505323,Invent and Wander: The Collected Writings of Jeff Bezos,Jeff Bezos,"Bezos, Jeff",Walter Isaacson,"=""1647820715""","=""9781647820718""",2,3.98,,Hardcover,288,2020,2020,2021/03/11,2021/04/25,,,read,,,,1,,,0,,,,,
